dataset,group,method,clean,five_copy_range_materialization,signed_response
daphnet,S01,quotient_learning,0.0123456790123456,0.0123456790123456,0.0
daphnet,S01,ordinary_learning,0.0123456790123456,0.0229885057471264,0.010642826734780798
daphnet,S02,quotient_learning,0.0337606837606837,0.0337606837606837,0.0
daphnet,S02,ordinary_learning,0.0337606837606837,0.1026957637997432,0.06893508003905949
daphnet,S03,quotient_learning,0.1135571168358053,0.1135571168358053,0.0
daphnet,S03,ordinary_learning,0.1135571168358053,0.0,-0.1135571168358053
daphnet,S04,quotient_learning,0.0,0.0,0.0
daphnet,S04,ordinary_learning,0.0,0.0,0.0
daphnet,S05,quotient_learning,0.0498448882847084,0.0498448882847084,0.0
daphnet,S05,ordinary_learning,0.0498448882847084,0.0,-0.0498448882847084
daphnet,S06,quotient_learning,0.0329268292682926,0.0329268292682926,0.0
daphnet,S06,ordinary_learning,0.0329268292682926,0.0,-0.0329268292682926
daphnet,S07,quotient_learning,0.0,0.0,0.0
daphnet,S07,ordinary_learning,0.0,0.0,0.0
daphnet,S08,quotient_learning,0.1194681861348528,0.1194681861348528,0.0
daphnet,S08,ordinary_learning,0.1194681861348528,0.0,-0.1194681861348528
daphnet,S09,quotient_learning,0.0315860215053763,0.0315860215053763,0.0
daphnet,S09,ordinary_learning,0.0315860215053763,0.0,-0.0315860215053763
daphnet,S10,quotient_learning,0.0,0.0,0.0
daphnet,S10,ordinary_learning,0.0,0.0,0.0
hapt,subject_01,quotient_learning,0.8773809523809524,0.8773809523809524,0.0
hapt,subject_01,ordinary_learning,0.8773809523809524,0.80503663003663,-0.07234432234432242
hapt,subject_02,quotient_learning,0.849002849002849,0.849002849002849,0.0
hapt,subject_02,ordinary_learning,0.849002849002849,0.8434065934065934,-0.005596255596255539
hapt,subject_03,quotient_learning,0.9078144078144078,0.9078144078144078,0.0
hapt,subject_03,ordinary_learning,0.9078144078144078,0.860576923076923,-0.04723748473748479
hapt,subject_04,quotient_learning,0.8361915861915862,0.8361915861915862,0.0
hapt,subject_04,ordinary_learning,0.8361915861915862,0.6725885225885225,-0.16360306360306365
hapt,subject_05,quotient_learning,0.9043956043956044,0.9043956043956044,0.0
hapt,subject_05,ordinary_learning,0.9043956043956044,0.6282051282051282,-0.2761904761904762
hapt,subject_06,quotient_learning,0.6194522498220374,0.6194522498220374,0.0
hapt,subject_06,ordinary_learning,0.6194522498220374,0.5280830280830281,-0.0913692217390093
hapt,subject_07,quotient_learning,0.7784493284493283,0.7784493284493283,0.0
hapt,subject_07,ordinary_learning,0.7784493284493283,0.9188034188034188,0.1403540903540904
hapt,subject_08,quotient_learning,0.7726800976800977,0.7726800976800977,0.0
hapt,subject_08,ordinary_learning,0.7726800976800977,0.8023656898656899,0.02968559218559219
hapt,subject_09,quotient_learning,0.7069632981397688,0.7069632981397688,0.0
hapt,subject_09,ordinary_learning,0.7069632981397688,0.5618131868131868,-0.14515011132658195
hapt,subject_10,quotient_learning,0.4277584331932158,0.4277584331932158,0.0
hapt,subject_10,ordinary_learning,0.4277584331932158,0.3177387914230019,-0.11001964177021395
hapt,subject_11,quotient_learning,0.9743589743589745,0.9743589743589745,0.0
hapt,subject_11,ordinary_learning,0.9743589743589745,0.9172161172161172,-0.05714285714285727
hapt,subject_12,quotient_learning,0.8583638583638583,0.8583638583638583,0.0
hapt,subject_12,ordinary_learning,0.8583638583638583,0.8968253968253969,0.03846153846153855
hapt,subject_13,quotient_learning,0.905982905982906,0.905982905982906,0.0
hapt,subject_13,ordinary_learning,0.905982905982906,0.895959595959596,-0.010023310023310028
hapt,subject_14,quotient_learning,0.9141414141414144,0.9141414141414144,0.0
hapt,subject_14,ordinary_learning,0.9141414141414144,0.6880730380730381,-0.22606837606837626
hapt,subject_15,quotient_learning,0.9267399267399268,0.9267399267399268,0.0
hapt,subject_15,ordinary_learning,0.9267399267399268,0.6282051282051282,-0.2985347985347986
hapt,subject_16,quotient_learning,0.6694728616084115,0.6694728616084115,0.0
hapt,subject_16,ordinary_learning,0.6694728616084115,0.6078308516389012,-0.0616420099695103
hapt,subject_17,quotient_learning,0.9043956043956044,0.9043956043956044,0.0
hapt,subject_17,ordinary_learning,0.9043956043956044,0.7456654456654457,-0.15873015873015872
hapt,subject_18,quotient_learning,0.8993589743589743,0.8993589743589743,0.0
hapt,subject_18,ordinary_learning,0.8993589743589743,0.8244810744810745,-0.07487789987789972
hapt,subject_19,quotient_learning,0.9015151515151516,0.9015151515151516,0.0
hapt,subject_19,ordinary_learning,0.9015151515151516,0.7666666666666666,-0.134848484848485
hapt,subject_20,quotient_learning,0.8805860805860806,0.8805860805860806,0.0
hapt,subject_20,ordinary_learning,0.8805860805860806,0.4841880341880342,-0.3963980463980464
hapt,subject_21,quotient_learning,0.8928571428571429,0.8928571428571429,0.0
hapt,subject_21,ordinary_learning,0.8928571428571429,0.8046398046398048,-0.08821733821733813
hapt,subject_22,quotient_learning,0.8423382173382173,0.8423382173382173,0.0
hapt,subject_22,ordinary_learning,0.8423382173382173,0.8301012712777419,-0.012236946060475429
hapt,subject_23,quotient_learning,0.8203332615097322,0.8203332615097322,0.0
hapt,subject_23,ordinary_learning,0.8203332615097322,0.8452380952380952,0.02490483372836305
hapt,subject_24,quotient_learning,0.811409179056238,0.811409179056238,0.0
hapt,subject_24,ordinary_learning,0.811409179056238,0.6909798534798535,-0.12042932557638453
hapt,subject_25,quotient_learning,0.7375763125763125,0.7375763125763125,0.0
hapt,subject_25,ordinary_learning,0.7375763125763125,0.5189255189255189,-0.21865079365079365
hapt,subject_26,quotient_learning,0.9594017094017094,0.9594017094017094,0.0
hapt,subject_26,ordinary_learning,0.9594017094017094,0.8582417582417582,-0.10115995115995124
hapt,subject_27,quotient_learning,0.923076923076923,0.923076923076923,0.0
hapt,subject_27,ordinary_learning,0.923076923076923,0.9722222222222224,0.049145299145299415
hapt,subject_28,quotient_learning,0.6386391386391386,0.6386391386391386,0.0
hapt,subject_28,ordinary_learning,0.6386391386391386,0.7944444444444446,0.15580530580530605
hapt,subject_29,quotient_learning,0.972027972027972,0.972027972027972,0.0
hapt,subject_29,ordinary_learning,0.972027972027972,0.8285714285714286,-0.14345654345654335
hapt,subject_30,quotient_learning,0.8122100122100123,0.8122100122100123,0.0
hapt,subject_30,ordinary_learning,0.8122100122100123,0.5743589743589744,-0.2378510378510379
har70,501,quotient_learning,0.5529292595953762,0.5529292595953762,0.0
har70,501,ordinary_learning,0.5529292595953762,0.6330468867782301,0.08011762718285387
har70,502,quotient_learning,0.5496373836891079,0.5496373836891079,0.0
har70,502,ordinary_learning,0.5496373836891079,0.4534083802376485,-0.09622900345145935
har70,503,quotient_learning,0.6629107427290425,0.6629107427290425,0.0
har70,503,ordinary_learning,0.6629107427290425,0.6298468556533072,-0.033063887075735265
har70,504,quotient_learning,0.5392307692307693,0.5392307692307693,0.0
har70,504,ordinary_learning,0.5392307692307693,0.594706953429804,0.05547618419903466
har70,505,quotient_learning,0.3289839181286549,0.3289839181286549,0.0
har70,505,ordinary_learning,0.3289839181286549,0.2652152542862925,-0.0637686638423624
har70,506,quotient_learning,0.629937246216316,0.629937246216316,0.0
har70,506,ordinary_learning,0.629937246216316,0.5455444413994702,-0.08439280481684575
har70,507,quotient_learning,0.4339681577098193,0.4339681577098193,0.0
har70,507,ordinary_learning,0.4339681577098193,0.5248953767733524,0.09092721906353313
har70,508,quotient_learning,0.4706552706552707,0.4706552706552707,0.0
har70,508,ordinary_learning,0.4706552706552707,0.5029449705421789,0.03228969988690822
har70,509,quotient_learning,0.4278643679511407,0.4278643679511407,0.0
har70,509,ordinary_learning,0.4278643679511407,0.5083083257173121,0.08044395776617141
har70,510,quotient_learning,0.4576530651297006,0.4576530651297006,0.0
har70,510,ordinary_learning,0.4576530651297006,0.562856690256924,0.10520362512722337
har70,511,quotient_learning,0.5415811960386366,0.5415811960386366,0.0
har70,511,ordinary_learning,0.5415811960386366,0.5014239482200648,-0.040157247818571884
har70,512,quotient_learning,0.4169498010407101,0.4169498010407101,0.0
har70,512,ordinary_learning,0.4169498010407101,0.4633116081194836,0.046361807078773465
har70,513,quotient_learning,0.4797191200176274,0.4797191200176274,0.0
har70,513,ordinary_learning,0.4797191200176274,0.455903900021547,-0.023815219996080383
har70,514,quotient_learning,0.423724383994364,0.423724383994364,0.0
har70,514,ordinary_learning,0.423724383994364,0.1012221565148827,-0.3225022274794813
har70,515,quotient_learning,0.4525144822174525,0.4525144822174525,0.0
har70,515,ordinary_learning,0.4525144822174525,0.5412256519769624,0.08871116975950988
har70,516,quotient_learning,0.4991916945495759,0.4991916945495759,0.0
har70,516,ordinary_learning,0.4991916945495759,0.5243445692883896,0.02515287473881367
har70,517,quotient_learning,0.2522240632015564,0.2522240632015564,0.0
har70,517,ordinary_learning,0.2522240632015564,0.3934916274201988,0.1412675642186424
har70,518,quotient_learning,0.4934083099031552,0.4934083099031552,0.0
har70,518,ordinary_learning,0.4934083099031552,0.4800830134252933,-0.013325296477861903
harth,S006,quotient_learning,0.0909325699382542,0.0909325699382542,0.0
harth,S006,ordinary_learning,0.0909325699382542,0.1511231783161607,0.060190608377906504
harth,S008,quotient_learning,0.0532360911844412,0.0532360911844412,0.0
harth,S008,ordinary_learning,0.0532360911844412,0.0368098159509202,-0.016426275233521
harth,S009,quotient_learning,0.1624579124579124,0.1624579124579124,0.0
harth,S009,ordinary_learning,0.1624579124579124,0.092064137422814,-0.07039377503509842
harth,S010,quotient_learning,0.4700659563673262,0.4700659563673262,0.0
harth,S010,ordinary_learning,0.4700659563673262,0.3802577493344923,-0.08980820703283388
harth,S012,quotient_learning,0.4378718624539863,0.4378718624539863,0.0
harth,S012,ordinary_learning,0.4378718624539863,0.4778911102044517,0.04001924775046539
harth,S013,quotient_learning,0.3119211379295666,0.3119211379295666,0.0
harth,S013,ordinary_learning,0.3119211379295666,0.2163979929539874,-0.0955231449755792
harth,S014,quotient_learning,0.2571207161632693,0.2571207161632693,0.0
harth,S014,ordinary_learning,0.2571207161632693,0.065040650406504,-0.1920800657567653
harth,S015,quotient_learning,0.3591234234675053,0.3591234234675053,0.0
harth,S015,ordinary_learning,0.3591234234675053,0.4191330891330891,0.0600096656655838
harth,S016,quotient_learning,0.2353501759219241,0.2353501759219241,0.0
harth,S016,ordinary_learning,0.2353501759219241,0.38583844336759,0.1504882674456659
harth,S017,quotient_learning,0.4350043567047836,0.4350043567047836,0.0
harth,S017,ordinary_learning,0.4350043567047836,0.3550337467058351,-0.0799706099989485
harth,S018,quotient_learning,0.4185421188750822,0.4185421188750822,0.0
harth,S018,ordinary_learning,0.4185421188750822,0.2922977827645156,-0.12624433611056657
harth,S019,quotient_learning,0.4012065084230032,0.4012065084230032,0.0
harth,S019,ordinary_learning,0.4012065084230032,0.3910399050585966,-0.010166603364406612
harth,S020,quotient_learning,0.3320117790706026,0.3320117790706026,0.0
harth,S020,ordinary_learning,0.3320117790706026,0.2297083318224123,-0.1023034472481903
harth,S021,quotient_learning,0.2888471177944862,0.2888471177944862,0.0
harth,S021,ordinary_learning,0.2888471177944862,0.1060356173055458,-0.1828115004889404
harth,S022,quotient_learning,0.3070762326488909,0.3070762326488909,0.0
harth,S022,ordinary_learning,0.3070762326488909,0.3017799462863157,-0.0052962863625751755
harth,S023,quotient_learning,0.4828895355507578,0.4828895355507578,0.0
harth,S023,ordinary_learning,0.4828895355507578,0.2125992819062125,-0.2702902536445453
harth,S024,quotient_learning,0.5051171783845051,0.5051171783845051,0.0
harth,S024,ordinary_learning,0.5051171783845051,0.4524838598550576,-0.05263331852944747
harth,S025,quotient_learning,0.2143694283797169,0.2143694283797169,0.0
harth,S025,ordinary_learning,0.2143694283797169,0.1002926932130472,-0.1140767351666697
harth,S026,quotient_learning,0.3931281670992461,0.3931281670992461,0.0
harth,S026,ordinary_learning,0.3931281670992461,0.2423792387806782,-0.15074892831856787
harth,S027,quotient_learning,0.3388345699558514,0.3388345699558514,0.0
harth,S027,ordinary_learning,0.3388345699558514,0.2490421455938697,-0.08979242436198168
harth,S028,quotient_learning,0.7170640275903434,0.7170640275903434,0.0
harth,S028,ordinary_learning,0.7170640275903434,0.0646320346320346,-0.6524319929583088
harth,S029,quotient_learning,0.4267021165676155,0.4267021165676155,0.0
harth,S029,ordinary_learning,0.4267021165676155,0.1600467289719626,-0.2666553875956529
mhealth,subject_01,quotient_learning,0.3896825396825397,0.3896825396825397,0.0
mhealth,subject_01,ordinary_learning,0.3896825396825397,0.2063492063492063,-0.18333333333333338
mhealth,subject_02,quotient_learning,0.3685657596371882,0.3685657596371882,0.0
mhealth,subject_02,ordinary_learning,0.3685657596371882,0.1031746031746031,-0.2653911564625851
mhealth,subject_03,quotient_learning,0.2773809523809524,0.2773809523809524,0.0
mhealth,subject_03,ordinary_learning,0.2773809523809524,0.1285714285714285,-0.1488095238095239
mhealth,subject_04,quotient_learning,0.204142990090195,0.204142990090195,0.0
mhealth,subject_04,ordinary_learning,0.204142990090195,0.1079365079365079,-0.09620648215368709
mhealth,subject_05,quotient_learning,0.0814814814814814,0.0814814814814814,0.0
mhealth,subject_05,ordinary_learning,0.0814814814814814,0.0537518037518037,-0.0277296777296777
mhealth,subject_06,quotient_learning,0.4113368113368112,0.4113368113368112,0.0
mhealth,subject_06,ordinary_learning,0.4113368113368112,0.2506715506715506,-0.1606652606652606
mhealth,subject_07,quotient_learning,0.2085905349794238,0.2085905349794238,0.0
mhealth,subject_07,ordinary_learning,0.2085905349794238,0.1688472021805355,-0.03974333279888828
mhealth,subject_08,quotient_learning,0.3641001855287569,0.3641001855287569,0.0
mhealth,subject_08,ordinary_learning,0.3641001855287569,0.3673091458805744,0.0032089603518175025
mhealth,subject_09,quotient_learning,0.1770219198790627,0.1770219198790627,0.0
mhealth,subject_09,ordinary_learning,0.1770219198790627,0.1060090702947845,-0.07101284958427821
mhealth,subject_10,quotient_learning,0.1563547563547563,0.1563547563547563,0.0
mhealth,subject_10,ordinary_learning,0.1563547563547563,0.0227920227920227,-0.1335627335627336
ppg_dalia,S1,quotient_learning,0.4074074074074074,0.4074074074074074,0.0
ppg_dalia,S1,ordinary_learning,0.4074074074074074,0.3555555555555555,-0.05185185185185187
ppg_dalia,S10,quotient_learning,0.3666666666666667,0.3666666666666667,0.0
ppg_dalia,S10,ordinary_learning,0.3666666666666667,0.0,-0.3666666666666667
ppg_dalia,S11,quotient_learning,0.4126984126984127,0.4126984126984127,0.0
ppg_dalia,S11,ordinary_learning,0.4126984126984127,0.0,-0.4126984126984127
ppg_dalia,S12,quotient_learning,0.1623604465709729,0.1623604465709729,0.0
ppg_dalia,S12,ordinary_learning,0.1623604465709729,0.1518759018759018,-0.010484544695071096
ppg_dalia,S13,quotient_learning,0.1689393939393939,0.1689393939393939,0.0
ppg_dalia,S13,ordinary_learning,0.1689393939393939,0.1492374727668845,-0.01970192117250938
ppg_dalia,S14,quotient_learning,0.3915343915343914,0.3915343915343914,0.0
ppg_dalia,S14,ordinary_learning,0.3915343915343914,0.0606060606060606,-0.3309283309283308
ppg_dalia,S15,quotient_learning,0.3932461873638344,0.3932461873638344,0.0
ppg_dalia,S15,ordinary_learning,0.3932461873638344,0.0833333333333333,-0.30991285403050106
ppg_dalia,S2,quotient_learning,0.3384615384615384,0.3384615384615384,0.0
ppg_dalia,S2,ordinary_learning,0.3384615384615384,0.0555555555555555,-0.2829059829059829
ppg_dalia,S3,quotient_learning,0.5476190476190476,0.5476190476190476,0.0
ppg_dalia,S3,ordinary_learning,0.5476190476190476,0.2240740740740741,-0.32354497354497347
ppg_dalia,S4,quotient_learning,0.4814814814814814,0.4814814814814814,0.0
ppg_dalia,S4,ordinary_learning,0.4814814814814814,0.1253267973856209,-0.3561546840958605
ppg_dalia,S5,quotient_learning,0.2698412698412698,0.2698412698412698,0.0
ppg_dalia,S5,ordinary_learning,0.2698412698412698,0.1809523809523809,-0.08888888888888893
ppg_dalia,S6,quotient_learning,0.1111111111111111,0.1111111111111111,0.0
ppg_dalia,S6,ordinary_learning,0.1111111111111111,0.0,-0.1111111111111111
ppg_dalia,S7,quotient_learning,0.5476190476190476,0.5476190476190476,0.0
ppg_dalia,S7,ordinary_learning,0.5476190476190476,0.305050505050505,-0.24256854256854254
ppg_dalia,S8,quotient_learning,0.3481481481481481,0.3481481481481481,0.0
ppg_dalia,S8,ordinary_learning,0.3481481481481481,0.2085278555866791,-0.139620292561469
ppg_dalia,S9,quotient_learning,0.5714285714285714,0.5714285714285714,0.0
ppg_dalia,S9,ordinary_learning,0.5714285714285714,0.1916666666666666,-0.3797619047619048
synthetic,synthetic_group_00,quotient_learning,0.4749999999999999,0.4749999999999999,0.0
synthetic,synthetic_group_00,ordinary_learning,0.4749999999999999,0.4124999999999999,-0.0625
synthetic,synthetic_group_01,quotient_learning,0.1727161240319135,0.1727161240319135,0.0
synthetic,synthetic_group_01,ordinary_learning,0.1727161240319135,0.3174603174603174,0.1447441934284039
synthetic,synthetic_group_02,quotient_learning,0.261111111111111,0.261111111111111,0.0
synthetic,synthetic_group_02,ordinary_learning,0.261111111111111,0.3539682539682539,0.09285714285714286
synthetic,synthetic_group_03,quotient_learning,0.0,0.0,0.0
synthetic,synthetic_group_03,ordinary_learning,0.0,0.0,0.0
synthetic,synthetic_group_04,quotient_learning,0.0,0.0,0.0
synthetic,synthetic_group_04,ordinary_learning,0.0,0.0,0.0
synthetic,synthetic_group_05,quotient_learning,0.3741067538126362,0.3741067538126362,0.0
synthetic,synthetic_group_05,ordinary_learning,0.3741067538126362,0.4872222222222222,0.11311546840958603
synthetic,synthetic_group_06,quotient_learning,0.0625,0.0625,0.0
synthetic,synthetic_group_06,ordinary_learning,0.0625,0.0583333333333333,-0.0041666666666667004
synthetic,synthetic_group_07,quotient_learning,0.2037037037037037,0.2037037037037037,0.0
synthetic,synthetic_group_07,ordinary_learning,0.2037037037037037,0.2037037037037037,0.0
synthetic,synthetic_group_08,quotient_learning,0.4513888888888888,0.4513888888888888,0.0
synthetic,synthetic_group_08,ordinary_learning,0.4513888888888888,0.6458333333333334,0.1944444444444446
synthetic,synthetic_group_09,quotient_learning,0.5763888888888888,0.5763888888888888,0.0
synthetic,synthetic_group_09,ordinary_learning,0.5763888888888888,0.5188492063492063,-0.05753968253968256
synthetic,synthetic_group_10,quotient_learning,0.119047619047619,0.119047619047619,0.0
synthetic,synthetic_group_10,ordinary_learning,0.119047619047619,0.1269841269841269,0.007936507936507894
synthetic,synthetic_group_11,quotient_learning,0.4901851851851851,0.4901851851851851,0.0
synthetic,synthetic_group_11,ordinary_learning,0.4901851851851851,0.3544444444444444,-0.13574074074074072
synthetic,synthetic_group_12,quotient_learning,0.0777777777777777,0.0777777777777777,0.0
synthetic,synthetic_group_12,ordinary_learning,0.0777777777777777,0.1111111111111111,0.03333333333333341
synthetic,synthetic_group_13,quotient_learning,0.4481481481481481,0.4481481481481481,0.0
synthetic,synthetic_group_13,ordinary_learning,0.4481481481481481,0.425925925925926,-0.022222222222222088
synthetic,synthetic_group_14,quotient_learning,0.2592592592592592,0.2592592592592592,0.0
synthetic,synthetic_group_14,ordinary_learning,0.2592592592592592,0.1296296296296296,-0.1296296296296296
synthetic,synthetic_group_15,quotient_learning,0.327698112073112,0.327698112073112,0.0
synthetic,synthetic_group_15,ordinary_learning,0.327698112073112,0.4814484126984126,0.1537503006253006
synthetic,synthetic_group_16,quotient_learning,0.3222222222222222,0.3222222222222222,0.0
synthetic,synthetic_group_16,ordinary_learning,0.3222222222222222,0.0,-0.3222222222222222
synthetic,synthetic_group_17,quotient_learning,0.3055555555555555,0.3055555555555555,0.0
synthetic,synthetic_group_17,ordinary_learning,0.3055555555555555,0.2962962962962963,-0.009259259259259245
synthetic,synthetic_group_18,quotient_learning,0.3653138528138528,0.3653138528138528,0.0
synthetic,synthetic_group_18,ordinary_learning,0.3653138528138528,0.4673611111111111,0.1020472582972583
synthetic,synthetic_group_19,quotient_learning,0.0,0.0,0.0
synthetic,synthetic_group_19,ordinary_learning,0.0,0.0,0.0
synthetic,synthetic_group_20,quotient_learning,0.4351851851851852,0.4351851851851852,0.0
synthetic,synthetic_group_20,ordinary_learning,0.4351851851851852,0.4166666666666667,-0.01851851851851849
synthetic,synthetic_group_21,quotient_learning,0.3591269841269841,0.3591269841269841,0.0
synthetic,synthetic_group_21,ordinary_learning,0.3591269841269841,0.2569444444444444,-0.10218253968253965
synthetic,synthetic_group_22,quotient_learning,0.2698412698412698,0.2698412698412698,0.0
synthetic,synthetic_group_22,ordinary_learning,0.2698412698412698,0.2777777777777777,0.007936507936507853
synthetic,synthetic_group_23,quotient_learning,0.1108326371484266,0.1108326371484266,0.0
synthetic,synthetic_group_23,ordinary_learning,0.1108326371484266,0.0134199134199134,-0.0974127237285132
synthetic,synthetic_group_24,quotient_learning,0.4333333333333333,0.4333333333333333,0.0
synthetic,synthetic_group_24,ordinary_learning,0.4333333333333333,0.1999999999999999,-0.2333333333333334
synthetic,synthetic_group_25,quotient_learning,0.2234567901234567,0.2234567901234567,0.0
synthetic,synthetic_group_25,ordinary_learning,0.2234567901234567,0.3101851851851852,0.08672839506172847
synthetic,synthetic_group_26,quotient_learning,0.4841269841269841,0.4841269841269841,0.0
synthetic,synthetic_group_26,ordinary_learning,0.4841269841269841,0.0,-0.4841269841269841
synthetic,synthetic_group_27,quotient_learning,0.1507722905749221,0.1507722905749221,0.0
synthetic,synthetic_group_27,ordinary_learning,0.1507722905749221,0.2109727758624817,0.060200485287559585
synthetic,synthetic_group_28,quotient_learning,0.128034188034188,0.128034188034188,0.0
synthetic,synthetic_group_28,ordinary_learning,0.128034188034188,0.2094017094017094,0.0813675213675214
synthetic,synthetic_group_29,quotient_learning,0.0,0.0,0.0
synthetic,synthetic_group_29,ordinary_learning,0.0,0.0,0.0
