dataset,annotation_type,multiplicity,eligible_rows,method,clean_f1,stressed_f1,signed_response,run_status,seed,folds,optimizer_updates
hapt,range,2,201,ordinary_learning,0.8411945070445788,0.8415573315573315,0.000362824512752713,completed,1103,5,25
hapt,range,2,201,quotient_learning,0.8411945070445788,0.8411945070445788,0.0,completed,1103,5,25
hapt,range,5,201,ordinary_learning,0.8411945070445788,0.8529363985401137,0.01174189149553495,completed,1103,5,25
hapt,range,5,201,quotient_learning,0.8411945070445788,0.8411945070445788,0.0,completed,1103,5,25
hapt,range,10,201,ordinary_learning,0.8411945070445788,0.8276014073072897,-0.01359309973728906,completed,1103,5,25
hapt,range,10,201,quotient_learning,0.8411945070445788,0.8411945070445788,0.0,completed,1103,5,25
hapt,timestamp,2,183,ordinary_learning,0.8411945070445788,0.7785779156057794,-0.06261659143879938,completed,1103,5,25
hapt,timestamp,2,183,quotient_learning,0.8411945070445788,0.8411945070445788,0.0,completed,1103,5,25
hapt,timestamp,5,183,ordinary_learning,0.8411945070445788,0.7130866048010011,-0.1281079022435777,completed,1103,5,25
hapt,timestamp,5,183,quotient_learning,0.8411945070445788,0.8411945070445788,0.0,completed,1103,5,25
hapt,timestamp,10,183,ordinary_learning,0.8411945070445788,0.6457014894863192,-0.19549301755825954,completed,1103,5,25
hapt,timestamp,10,183,quotient_learning,0.8411945070445788,0.8411945070445788,0.0,completed,1103,5,25
hapt,negative,2,624,ordinary_learning,0.8411945070445788,0.8736440226440226,0.03244951559944387,completed,1103,5,25
hapt,negative,2,624,quotient_learning,0.8411945070445788,0.8411945070445788,0.0,completed,1103,5,25
hapt,negative,5,624,ordinary_learning,0.8411945070445788,,,optimization_failed,1103,5,25
hapt,negative,5,624,quotient_learning,0.8411945070445788,0.8411945070445788,0.0,completed,1103,5,25
hapt,negative,10,624,ordinary_learning,0.8411945070445788,,,optimization_failed,1103,5,25
hapt,negative,10,624,quotient_learning,0.8411945070445788,0.8411945070445788,0.0,completed,1103,5,25
hapt,bag,2,229,ordinary_learning,0.8411945070445788,0.8574369965546436,0.016242489510064795,completed,1103,5,25
hapt,bag,2,229,quotient_learning,0.8411945070445788,0.8411945070445788,0.0,completed,1103,5,25
hapt,bag,5,229,ordinary_learning,0.8411945070445788,0.8703383544560015,0.02914384741142273,completed,1103,5,25
hapt,bag,5,229,quotient_learning,0.8411945070445788,0.8411945070445788,0.0,completed,1103,5,25
hapt,bag,10,229,ordinary_learning,0.8411945070445788,0.831066830915902,-0.01012767612867671,completed,1103,5,25
hapt,bag,10,229,quotient_learning,0.8411945070445788,0.8411945070445788,0.0,completed,1103,5,25
mhealth,range,2,75,ordinary_learning,0.2159217105645677,0.1803251642537356,-0.03559654631083209,completed,1103,5,25
mhealth,range,2,75,quotient_learning,0.2159217105645677,0.2159217105645677,0.0,completed,1103,5,25
mhealth,range,5,75,ordinary_learning,0.2159217105645677,0.1309713302570445,-0.0849503803075232,completed,1103,5,25
mhealth,range,5,75,quotient_learning,0.2159217105645677,0.2159217105645677,0.0,completed,1103,5,25
mhealth,range,10,75,ordinary_learning,0.2159217105645677,0.1081458708839661,-0.10777583968060159,completed,1103,5,25
mhealth,range,10,75,quotient_learning,0.2159217105645677,0.2159217105645677,0.0,completed,1103,5,25
mhealth,timestamp,2,67,ordinary_learning,0.2159217105645677,0.3198831327402756,0.10396142217570789,completed,1103,5,25
mhealth,timestamp,2,67,quotient_learning,0.2159217105645677,0.2159217105645677,0.0,completed,1103,5,25
mhealth,timestamp,5,67,ordinary_learning,0.2159217105645677,0.319500649262554,0.10357893869798632,completed,1103,5,25
mhealth,timestamp,5,67,quotient_learning,0.2159217105645677,0.2159217105645677,0.0,completed,1103,5,25
mhealth,timestamp,10,67,ordinary_learning,0.2159217105645677,0.2931502932693409,0.0772285827047732,completed,1103,5,25
mhealth,timestamp,10,67,quotient_learning,0.2159217105645677,0.2159217105645677,0.0,completed,1103,5,25
mhealth,negative,2,40,ordinary_learning,0.2159217105645677,0.1752581545438688,-0.04066355602069888,completed,1103,5,25
mhealth,negative,2,40,quotient_learning,0.2159217105645677,0.2159217105645677,0.0,completed,1103,5,25
mhealth,negative,5,40,ordinary_learning,0.2159217105645677,0.2046040467469039,-0.011317663817663776,completed,1103,5,25
mhealth,negative,5,40,quotient_learning,0.2159217105645677,0.2159217105645677,0.0,completed,1103,5,25
mhealth,negative,10,40,ordinary_learning,0.2159217105645677,0.184501133786848,-0.0314205767777197,completed,1103,5,25
mhealth,negative,10,40,quotient_learning,0.2159217105645677,0.2159217105645677,0.0,completed,1103,5,25
mhealth,bag,2,66,ordinary_learning,0.2159217105645677,0.3907164660736089,0.1747947555090412,completed,1103,5,25
mhealth,bag,2,66,quotient_learning,0.2159217105645677,0.2159217105645677,0.0,completed,1103,5,25
mhealth,bag,5,66,ordinary_learning,0.2159217105645677,0.2954355036497894,0.07951379308522169,completed,1103,5,25
mhealth,bag,5,66,quotient_learning,0.2159217105645677,0.2159217105645677,0.0,completed,1103,5,25
mhealth,bag,10,66,ordinary_learning,0.2159217105645677,0.295161346589918,0.07923963602535031,completed,1103,5,25
mhealth,bag,10,66,quotient_learning,0.2159217105645677,0.2159217105645677,0.0,completed,1103,5,25
synthetic,range,2,76,ordinary_learning,0.3434187452758881,0.3486624072808283,0.005243662004940197,completed,1103,5,25
synthetic,range,2,76,quotient_learning,0.3434187452758881,0.3434187452758881,0.0,completed,1103,5,25
synthetic,range,5,76,ordinary_learning,0.3434187452758881,0.3061582997898787,-0.03726044548600943,completed,1103,5,25
synthetic,range,5,76,quotient_learning,0.3434187452758881,0.3434187452758881,0.0,completed,1103,5,25
synthetic,range,10,76,ordinary_learning,0.3434187452758881,0.2510214677168458,-0.09239727755904231,completed,1103,5,25
synthetic,range,10,76,quotient_learning,0.3434187452758881,0.3434187452758881,0.0,completed,1103,5,25
synthetic,timestamp,2,68,ordinary_learning,0.3434187452758881,0.3473867105117105,0.003967965235822379,completed,1103,5,25
synthetic,timestamp,2,68,quotient_learning,0.3434187452758881,0.3434187452758881,0.0,completed,1103,5,25
synthetic,timestamp,5,68,ordinary_learning,0.3434187452758881,0.3344481321147988,-0.008970613161089325,completed,1103,5,25
synthetic,timestamp,5,68,quotient_learning,0.3434187452758881,0.3434187452758881,0.0,completed,1103,5,25
synthetic,timestamp,10,68,ordinary_learning,0.3434187452758881,0.3363586182336182,-0.007060127042269937,completed,1103,5,25
synthetic,timestamp,10,68,quotient_learning,0.3434187452758881,0.3434187452758881,0.0,completed,1103,5,25
synthetic,negative,2,139,ordinary_learning,0.3434187452758881,0.3382829967651395,-0.005135748510748606,completed,1103,5,25
synthetic,negative,2,139,quotient_learning,0.3434187452758881,0.3434187452758881,0.0,completed,1103,5,25
synthetic,negative,5,139,ordinary_learning,0.3434187452758881,0.330722798035298,-0.012695947240590089,completed,1103,5,25
synthetic,negative,5,139,quotient_learning,0.3434187452758881,0.3434187452758881,0.0,completed,1103,5,25
synthetic,negative,10,139,ordinary_learning,0.3434187452758881,0.2930053040211708,-0.050413441254717306,completed,1103,5,25
synthetic,negative,10,139,quotient_learning,0.3434187452758881,0.3434187452758881,0.0,completed,1103,5,25
synthetic,bag,2,92,ordinary_learning,0.3434187452758881,0.3460737717309145,0.00265502645502641,completed,1103,5,25
synthetic,bag,2,92,quotient_learning,0.3434187452758881,0.3434187452758881,0.0,completed,1103,5,25
synthetic,bag,5,92,ordinary_learning,0.3434187452758881,0.3597997244301592,0.016380979154271058,completed,1103,5,25
synthetic,bag,5,92,quotient_learning,0.3434187452758881,0.3434187452758881,0.0,completed,1103,5,25
synthetic,bag,10,92,ordinary_learning,0.3434187452758881,0.3474164286006391,0.003997683324750978,completed,1103,5,25
synthetic,bag,10,92,quotient_learning,0.3434187452758881,0.3434187452758881,0.0,completed,1103,5,25
